public_id,status,message
"Pro_SpotIllustration_Light_1x1_v04_ac2fas","success","[DRY RUN] Would set tags: [spot_illustration, landscape, abstract, geometric, gradient-heavy, 3d, cool-palette, teal-accent, tech, saas, innovative, sophisticated, abstract-shapes] AND metadata: {product_family=pro, image_role=spot-illustration, energy=medium, aspect_class=landscape, is_transparent=false, mood=innovative}"
"Pro_SpotIllustration_Light_1x1_v03_ep3yei","success","[DRY RUN] Would set tags: [spot_illustration, landscape, abstract, geometric, gradient-heavy, 3d, cool-palette, translucent, tech, innovative, sophisticated, circles, flowing] AND metadata: {product_family=pro, image_role=spot-illustration, energy=medium, aspect_class=landscape, is_transparent=false, mood=innovative}"
"Pro_SpotIllustration_Light_1x1_v02_ptaitx","success","[DRY RUN] Would set tags: [spot_illustration, minimal, modern, abstract, geometric, gradient-heavy, 3d, cool-palette, tech, saas, corporate, innovative, trustworthy, sophisticated, abstract-shapes, circles, flowing] AND metadata: {product_family=pro, image_role=spot-illustration, energy=medium, aspect_class=landscape, is_transparent=false, mood=professional}"
"Pro_SpotIllustration_Light_1x1_v01_b2xjva","success","[DRY RUN] Would set tags: [spot_illustration, modern, abstract, geometric, gradient-heavy, 3d, cool-palette, tech, saas, professional, innovative, circles, geometric-patterns] AND metadata: {product_family=pro, image_role=spot-illustration, energy=medium, aspect_class=landscape, is_transparent=false, mood=sophisticated}"
"Pro_SpotIllustration_Dark_1x1_v04_efoicq","success","[DRY RUN] Would set tags: [spot_illustration, abstract, geometric, 3d, gradient-heavy, cool-palette, tech, saas, professional, innovative, flowing] AND metadata: {product_family=pro, image_role=spot-illustration, energy=medium, aspect_class=landscape, is_transparent=false, mood=sophisticated}"
"Pro_SpotIllustration_Dark_1x1_v03_zacqft","success","[DRY RUN] Would set tags: [spot_illustration, landscape, abstract, geometric, 3d, gradient-heavy, cool-palette, tech, saas, innovative, sophisticated, flowing] AND metadata: {product_family=pro, image_role=spot-illustration, energy=medium, aspect_class=landscape, is_transparent=false, mood=innovative}"
"Pro_SpotIllustration_Dark_1x1_v02_f9bfxi","success","[DRY RUN] Would set tags: [spot_illustration, landscape, abstract, geometric, 3d, gradient-heavy, cool-palette, monochrome, sophisticated, technology] AND metadata: {product_family=pro, image_role=spot-illustration, energy=medium, aspect_class=landscape, is_transparent=false, mood=sophisticated}"
"Premium_FeatureCard_Light_4x5_v04_dpgxow","success","[DRY RUN] Would set tags: [feature_card, landscape, minimal, modern, abstract, geometric, gradient-heavy, 3d, cool-palette, translucent, tech, saas, professional, innovative, flowing] AND metadata: {product_family=relevnt_core, image_role=feature-card, energy=medium, aspect_class=landscape, is_transparent=false, mood=sophisticated}"
"Pro_SpotIllustration_Dark_1x1_v01_by0zbp","success","[DRY RUN] Would set tags: [spot_illustration, landscape, abstract, geometric, gradient-heavy, 3d, cool-palette, tech, saas, professional, innovative, flowing] AND metadata: {product_family=pro, image_role=spot-illustration, energy=medium, aspect_class=landscape, is_transparent=false, mood=sophisticated}"
"Premium_FeatureCard_Light_4x5_v03_kduast","success","[DRY RUN] Would set tags: [feature_card, landscape, minimal, modern, abstract, geometric, gradient-heavy, tech, saas, professional, sophisticated, abstract-shapes, lines, geometric-patterns] AND metadata: {product_family=relevnt_core, image_role=feature-card, energy=medium, aspect_class=landscape, is_transparent=false, mood=professional}"
"Premium_FeatureCard_Light_4x5_v02_aubavw","success","[DRY RUN] Would set tags: [feature_card, landscape, minimal, modern, abstract, geometric, 3d, monochrome, professional, technology, geometric-patterns, spacious] AND metadata: {product_family=relevnt_core, image_role=feature-card, energy=medium, aspect_class=landscape, is_transparent=false, mood=professional}"
"Premium_FeatureCard_Light_4x5_v01_chzzjn","success","[DRY RUN] Would set tags: [feature_card, landscape, minimal, modern, geometric, gradient-heavy, 3d, neutral-palette, tech, saas, professional, sophisticated, abstract-shapes] AND metadata: {product_family=relevnt_core, image_role=feature-card, energy=medium, aspect_class=landscape, is_transparent=false, mood=professional}"
"Premium_FeatureCard_Dark_4x5_v03_iczsi9","success","[DRY RUN] Would set tags: [feature_card, landscape, minimal, modern, abstract, geometric, 3d, cool-palette, monochrome, professional, technology, glass-effect, spacious] AND metadata: {product_family=relevnt_core, image_role=feature-card, energy=medium, aspect_class=landscape, is_transparent=false, mood=sophisticated}"
"Premium_FeatureCard_Dark_4x5_v04_ljqppw","success","[DRY RUN] Would set tags: [feature_card, landscape, minimal, modern, abstract, geometric, 3d, cool-palette, monochrome, tech, professional, sophisticated, abstract-shapes] AND metadata: {product_family=relevnt_core, image_role=feature-card, energy=medium, aspect_class=landscape, is_transparent=false, mood=professional}"
"Premium_FeatureCard_Dark_4x5_v02_sideuo","success","[DRY RUN] Would set tags: [feature_card, landscape, minimal, modern, abstract, geometric, gradient-heavy, 3d, cool-palette, monochrome, tech, professional, sophisticated, abstract-shapes, technology] AND metadata: {product_family=relevnt_core, image_role=feature-card, energy=medium, aspect_class=landscape, is_transparent=false, mood=professional}"
"Premium_FeatureCard_Dark_4x5_v01_uwprhs","success","[DRY RUN] Would set tags: [feature_card, landscape, minimal, modern, abstract, geometric, gradient-heavy, 3d, monochrome, tech, professional, sophisticated, abstract-shapes, technology, glass-effect, glow] AND metadata: {product_family=relevnt_core, image_role=feature-card, energy=medium, aspect_class=landscape, is_transparent=false, mood=innovative}"
"Gemini_Generated_Image_l05f2el05f2el05f_qhmavy","success","[DRY RUN] Would set tags: [square, bg_texture, minimal, modern, abstract, geometric, gradient-heavy, monochrome, cool-palette, tech, professional, innovative, abstract-shapes, lines, geometric-patterns] AND metadata: {product_family=relevnt_core, image_role=texture-industrial, energy=medium, aspect_class=square, is_transparent=false, mood=sophisticated}"
"Gemini_Generated_Image_c981v6c981v6c981_xvtuas","success","[DRY RUN] Would set tags: [bg_texture, square, minimal, abstract, line-art, monochrome, flowing, technology, geometric-patterns, spacious] AND metadata: {product_family=relevnt_core, image_role=texture-industrial, energy=medium, aspect_class=square, is_transparent=false, mood=professional}"
"Gemini_Generated_Image_tvaxrgtvaxrgtvax_3_fy5nkw","success","[DRY RUN] Would set tags: [ui_elements, square, minimal, modern, neutral-palette, spacious, centered, abstract-shapes, technology, professional, trustworthy] AND metadata: {product_family=relevnt_core, image_role=other, energy=medium, aspect_class=square, is_transparent=false, mood=professional}"
"Gemini_Generated_Image_tvaxrgtvaxrgtvax_1_kufoas","success","[DRY RUN] Would set tags: [ui_elements, square, minimal, modern, abstract, geometric, cool-palette, monochrome, corporate, professional, calm, glass-effect, flowing, spacious] AND metadata: {product_family=relevnt_core, image_role=other, energy=low, aspect_class=square, is_transparent=false, mood=serene}"
"Gemini_Generated_Image_qvx5yxqvx5yxqvx5_qsvpwh","success","[DRY RUN] Would set tags: [ui_elements, square, modern, abstract, geometric, gradient-heavy, 3d, cool-palette, tech, saas, professional, innovative, technology, network, circles, lines, geometric-patterns, data-visualization] AND metadata: {product_family=relevnt_core, image_role=other, energy=medium, aspect_class=square, is_transparent=false, mood=sophisticated}"
"Gemini_Generated_Image_m9ylrm9ylrm9ylrm_vw0iys","success","[DRY RUN] Would set tags: [ui_elements, square, modern, abstract, geometric, gradient-heavy, 3d, monochrome, tech, saas, professional, innovative, circles, lines, data-visualization, spacious] AND metadata: {product_family=relevnt_core, image_role=other, energy=medium, aspect_class=square, is_transparent=false, mood=professional}"
"Gemini_Generated_Image_k4htgwk4htgwk4ht_zyziso","success","[DRY RUN] Would set tags: [ui_elements, square, abstract, 3d, gradient-heavy, geometric, technology, network, glass-effect, glow, circles, lines, geometric-patterns, data-visualization, spacious, flowing] AND metadata: {product_family=relevnt_core, image_role=other, energy=medium, aspect_class=square, is_transparent=false, mood=innovative}"
"Gemini_Generated_Image_oi0qgxoi0qgxoi0q_z1cysu","success","[DRY RUN] Would set tags: [hero, square, minimal, modern, abstract, geometric, gradient-heavy, monochrome, tech, professional, sophisticated, abstract-shapes, spacious] AND metadata: {product_family=relevnt_core, image_role=hero, energy=medium, aspect_class=square, is_transparent=false, mood=contemplative}"
"Gemini_Generated_Image_mvsz4fmvsz4fmvsz_slpc6a","success","[DRY RUN] Would set tags: [bg_texture, square, modern, abstract, gradient-heavy, monochrome, tech, professional, sophisticated, abstract-shapes, spacious] AND metadata: {product_family=relevnt_core, image_role=texture-industrial, energy=medium, aspect_class=square, is_transparent=false, mood=calm}"
"Gemini_Generated_Image_6c729m6c729m6c72_tkehur","success","[DRY RUN] Would set tags: [ui_elements, square, minimal, modern, monochrome, professional, tech, saas, corporate, geometric-patterns, abstract-shapes, spacious] AND metadata: {product_family=relevnt_core, image_role=other, energy=medium, aspect_class=square, is_transparent=false, mood=professional}"
"Gemini_Generated_Image_8lz1ki8lz1ki8lz1_6_ymwwyf","success","[DRY RUN] Would set tags: [ui_elements, square, modern, minimal, monochrome, tech, saas, professional, innovative, glass-effect, geometric-patterns] AND metadata: {product_family=relevnt_core, image_role=other, energy=medium, aspect_class=square, is_transparent=false, mood=professional}"
"Gemini_Generated_Image_c3za3qc3za3qc3za_zlsije","success","[DRY RUN] Would set tags: [ui_elements, square, minimal, modern, abstract, geometric, gradient-heavy, neutral-palette, tech, professional, calm, glass-effect, glow, geometric-patterns, spacious] AND metadata: {product_family=relevnt_core, image_role=other, energy=medium, aspect_class=square, is_transparent=false, mood=professional}"
"Gemini_Generated_Image_plg9bpplg9bpplg9_ylvxmv","success","[DRY RUN] Would set tags: [ui_elements, square, modern, abstract, gradient-heavy, 3d, tech, saas, professional, innovative, technology, network, glass-effect, geometric-patterns, flowing] AND metadata: {product_family=relevnt_core, image_role=other, energy=medium, aspect_class=square, is_transparent=false, mood=sophisticated}"
"Gemini_Generated_Image_ylgbtlylgbtlylgb_ayxebl","success","[DRY RUN] Would set tags: [square, hero, modern, abstract, geometric, gradient-heavy, cool-palette, tech, saas, professional, sophisticated, technology, network, geometric-patterns] AND metadata: {product_family=relevnt_core, image_role=hero, energy=medium, aspect_class=square, is_transparent=false, mood=professional}"
"Gemini_Generated_Image_ddfiwaddfiwaddfi_qepnb9","success","[DRY RUN] Would set tags: [ui_elements, square, minimal, modern, abstract, gradient-heavy, tech, saas, professional, data-visualization, circles, lines, geometric-patterns, spacious, layered] AND metadata: {product_family=relevnt_core, image_role=other, energy=medium, aspect_class=square, is_transparent=false, mood=professional}"
"Gemini_Generated_Image_i2y5li2y5li2y5li_mtiqjv","success","[DRY RUN] Would set tags: [bg_texture, square, minimal, abstract, gradient-heavy, geometric, monochrome, flowing, spacious, tech, professional, sophisticated] AND metadata: {product_family=relevnt_core, image_role=texture-industrial, energy=medium, aspect_class=square, is_transparent=false, mood=sophisticated}"
"Gemini_Generated_Image_tvaxrgtvaxrgtvax_ejw3ck","success","[DRY RUN] Would set tags: [ui_elements, square, modern, abstract, geometric, gradient-heavy, neutral-palette, professional, tech, saas, spacious, centered] AND metadata: {product_family=relevnt_core, image_role=other, energy=medium, aspect_class=square, is_transparent=false, mood=professional}"
"Gemini_Generated_Image_u8zmllu8zmllu8zm_wbdp2p","success","[DRY RUN] Would set tags: [spot_illustration, square, abstract, geometric, gradient-heavy, 3d, modern, vibrant, technology, network, glass-effect, glow, circles, lines, geometric-patterns, spacious] AND metadata: {product_family=relevnt_core, image_role=spot-illustration, energy=high, aspect_class=square, is_transparent=false, mood=innovative}"
"Gemini_Generated_Image_hyn1gehyn1gehyn1_8_rs6ipo","success","[DRY RUN] Would set tags: [ui_elements, square, modern, abstract, minimal, geometric, monochrome, professional, tech, saas, corporate, spacious] AND metadata: {product_family=relevnt_core, image_role=other, energy=medium, aspect_class=square, is_transparent=false, mood=professional}"
"Gemini_Generated_Image_hyn1gehyn1gehyn1_7_c0wqvw","success","[DRY RUN] Would set tags: [ui_elements, square, minimal, modern, abstract, geometric, gradient-heavy, cool-palette, tech, professional, sophisticated, abstract-shapes, spacious] AND metadata: {product_family=relevnt_core, image_role=other, energy=medium, aspect_class=square, is_transparent=false, mood=professional}"
"Gemini_Generated_Image_cvabj1cvabj1cvab_qitd1t","success","[DRY RUN] Would set tags: [ui_elements, square, modern, abstract, geometric, gradient-heavy, 3d, cool-palette, tech, saas, professional, innovative, glass-effect, glow, circles, lines, spacious, layered] AND metadata: {product_family=relevnt_core, image_role=other, energy=medium, aspect_class=square, is_transparent=false, mood=professional}"
"Gemini_Generated_Image_2u61vj2u61vj2u61_tyjra2","success","[DRY RUN] Would set tags: [ui_elements, square, modern, abstract, gradient-heavy, tech, saas, professional, innovative, data-visualization, geometric-patterns, circles, lines, spacious] AND metadata: {product_family=relevnt_core, image_role=other, energy=medium, aspect_class=square, is_transparent=false, mood=professional}"
"Gemini_Generated_Image_iclid4iclid4icli_1_ldwlmn","success","[DRY RUN] Would set tags: [ui_elements, square, minimal, modern, abstract, geometric, monochrome, professional, tech, saas, glass-effect, circles, lines, layered] AND metadata: {product_family=relevnt_core, image_role=other, energy=medium, aspect_class=square, is_transparent=false, mood=professional}"
"Gemini_Generated_Image_ddfiwaddfiwaddfi_5_wdqtuj","success","[DRY RUN] Would set tags: [spot_illustration, square, minimal, modern, abstract, geometric, 3d, monochrome, professional, technology] AND metadata: {product_family=relevnt_core, image_role=spot-illustration, energy=medium, aspect_class=square, is_transparent=false, mood=professional}"
"Gemini_Generated_Image_867pec867pec867p_htflbg","success","[DRY RUN] Would set tags: [ui_elements, square, minimal, modern, abstract, geometric, spacious, layered, technology, glass-effect, neutral-palette, professional, sophisticated] AND metadata: {product_family=relevnt_core, image_role=other, energy=medium, aspect_class=square, is_transparent=false, mood=professional}"
"Gemini_Generated_Image_ddfiwaddfiwaddfi_1_ewj0rk","success","[DRY RUN] Would set tags: [ui_elements, square, modern, abstract, gradient-heavy, cool-palette, tech, saas, professional, data-visualization] AND metadata: {product_family=relevnt_core, image_role=other, energy=medium, aspect_class=square, is_transparent=false, mood=sophisticated}"
"Gemini_Generated_Image_hyn1gehyn1gehyn1_6_bwuhi1","success","[DRY RUN] Would set tags: [ui_elements, square, modern, minimal, abstract, geometric, gradient-heavy, neutral-palette, tech, professional, calm, abstract-shapes, spacious] AND metadata: {product_family=relevnt_core, image_role=other, energy=medium, aspect_class=square, is_transparent=false, mood=professional}"
"Gemini_Generated_Image_iclid4iclid4icli_2_tyegqb","success","[DRY RUN] Would set tags: [ui_elements, square, modern, abstract, geometric, gradient-heavy, cool-palette, tech, professional, innovative, abstract-shapes, spacious] AND metadata: {product_family=relevnt_core, image_role=other, energy=medium, aspect_class=square, is_transparent=false, mood=professional}"
"Gemini_Generated_Image_hyn1gehyn1gehyn1_9_tbhpu6","success","[DRY RUN] Would set tags: [hero, square, abstract, geometric, gradient-heavy, modern, minimal, neutral-palette, sophisticated, flowing, layered] AND metadata: {product_family=relevnt_core, image_role=hero, energy=medium, aspect_class=square, is_transparent=false, mood=sophisticated}"
"Gemini_Generated_Image_ddfiwaddfiwaddfi_2_ogwfch","success","[DRY RUN] Would set tags: [ui_elements, square, minimal, modern, abstract, gradient-heavy, tech, saas, professional, innovative, data-visualization, glass-effect, geometric-patterns] AND metadata: {product_family=relevnt_core, image_role=other, energy=medium, aspect_class=square, is_transparent=false, mood=professional}"
"Gemini_Generated_Image_iclid4iclid4icli_fbqdxi","success","[DRY RUN] Would set tags: [hero, square, abstract, gradient-heavy, 3d, geometric, modern, tech, professional, innovative, geometric-patterns, flowing] AND metadata: {product_family=relevnt_core, image_role=hero, energy=medium, aspect_class=square, is_transparent=false, mood=sophisticated}"
"Gemini_Generated_Image_8lz1ki8lz1ki8lz1_2_dkyyf2","success","[DRY RUN] Would set tags: [ui_elements, square, minimal, modern, abstract, gradient-heavy, 3d, neutral-palette, tech, professional, sophisticated, abstract-shapes, layered] AND metadata: {product_family=relevnt_core, image_role=other, energy=medium, aspect_class=square, is_transparent=false, mood=sophisticated}"
"Gemini_Generated_Image_iclid4iclid4icli_3_kinob2","success","[DRY RUN] Would set tags: [ui_elements, square, minimal, modern, abstract, geometric, gradient-heavy, tech, saas, professional, data-visualization, centered] AND metadata: {product_family=relevnt_core, image_role=other, energy=medium, aspect_class=square, is_transparent=false, mood=professional}"
"Gemini_Generated_Image_mu1619mu1619mu16_yanhk3","success","[DRY RUN] Would set tags: [ui_elements, square, minimal, modern, abstract, geometric, monochrome, spacious, technology, abstract-shapes, lines, geometric-patterns] AND metadata: {product_family=relevnt_core, image_role=other, energy=medium, aspect_class=square, is_transparent=false, mood=professional}"